City_ID,City_ID,City,Country,Lat,Lng,Max Temp,Humidity,Cloudiness,Wind Speed,Current Description,Rain(inches),Snow(inches)
0,0,Khatanga,RU,71.97,102.5,35.73,95,100,14.09,light snow,0.0,0.0
1,1,Alyangula,AU,-13.85,136.42,62.6,100,100,10.13,overcast clouds,0.0,0.0
2,2,Ndioum,SN,16.51,-14.65,111.2,14,70,4.7,broken clouds,0.0,0.0
3,3,Bati,ET,11.18,40.02,74.86,40,21,4.05,few clouds,0.0,0.0
4,4,Tacuati,PY,-23.45,-56.58,80.73,32,0,3.98,clear sky,0.0,0.0
5,5,Luanda,AO,-8.84,13.23,77.0,88,40,5.82,scattered clouds,0.0,0.0
6,6,San Cristobal,VE,7.77,-72.22,86.0,62,40,10.29,scattered clouds,0.0,0.0
7,7,Longyearbyen,SJ,78.22,15.64,39.2,80,75,8.05,shower rain,0.0,0.0
8,8,Kahului,US,20.89,-156.47,80.6,57,20,14.99,few clouds,0.0,0.0
9,9,Ribeira Grande,PT,38.52,-28.7,64.4,55,20,14.99,few clouds,0.0,0.0
10,10,Biak,ID,-0.91,122.88,78.22,79,73,5.01,broken clouds,0.0,0.0
11,11,Felipe Carrillo Puerto,MX,19.58,-88.05,94.28,47,100,7.99,overcast clouds,0.0,0.0
12,12,Portland,US,45.52,-122.68,81.0,36,1,5.82,clear sky,0.0,0.0
13,13,Dhola,IN,21.88,71.78,84.02,72,0,17.54,clear sky,0.0,0.0
14,14,Tautira,PF,-17.73,-149.15,82.4,74,20,12.59,few clouds,0.0,0.0
15,15,Sao Filipe,CV,14.9,-24.5,78.28,66,0,8.05,clear sky,0.0,0.0
16,16,Port Elizabeth,ZA,-33.92,25.57,63.5,64,98,11.59,overcast clouds,0.0,0.0
17,17,Eyl,SO,7.98,49.82,83.21,75,100,19.1,overcast clouds,0.0,0.0
18,18,Port Hardy,CA,50.7,-127.42,55.4,82,75,5.82,broken clouds,0.0,0.0
19,19,Cheremukhovo,RU,60.35,59.99,50.27,77,0,8.14,clear sky,0.0,0.0
20,20,Arraial Do Cabo,BR,-22.97,-42.03,71.6,82,75,12.75,broken clouds,0.0,0.0
21,21,Clyde River,CA,70.47,-68.59,30.2,86,75,21.92,light snow,0.0,0.0
22,22,Isla Mujeres,MX,21.23,-86.73,87.8,70,75,16.11,broken clouds,0.0,0.0
23,23,Heihe,CN,50.24,127.49,64.4,42,17,8.95,few clouds,0.0,0.0
24,24,Pangody,RU,65.85,74.49,55.6,47,98,16.93,overcast clouds,0.0,0.0
25,25,Dikson,RU,73.51,80.55,32.13,99,100,10.0,overcast clouds,0.0,0.0
26,26,Isangel,VU,-19.55,169.27,71.6,88,20,9.04,few clouds,0.0,0.0
27,27,Aktau,KZ,43.65,51.2,68.0,77,16,6.71,few clouds,0.0,0.0
28,28,Hithadhoo,MV,-0.6,73.08,79.02,87,100,19.86,light rain,0.0,0.0
29,29,Port Lincoln,AU,-34.73,135.87,54.52,69,0,12.73,clear sky,0.0,0.0
30,30,Tomatlan,MX,19.93,-105.25,87.78,45,0,11.88,clear sky,0.0,0.0
31,31,Mayo,US,38.89,-76.51,75.99,94,90,13.87,light rain,0.0,0.0
32,32,Kyra,RU,49.58,111.98,44.58,84,99,7.0,overcast clouds,0.0,0.0
33,33,New Norfolk,AU,-42.78,147.06,52.0,91,100,3.74,light rain,0.0,0.0
34,34,Ponta Pora,BR,-22.54,-55.73,73.4,38,0,11.41,clear sky,0.0,0.0
35,35,Yuancheng,CN,36.65,107.79,60.64,33,6,4.85,clear sky,0.0,0.0
36,36,Mahebourg,MU,-20.41,57.7,75.2,83,40,12.75,scattered clouds,0.0,0.0
37,37,Praia,CV,14.92,-23.51,84.2,58,0,11.41,clear sky,0.0,0.0
38,38,Cockburn Town,TC,21.46,-71.14,81.27,80,100,14.5,overcast clouds,0.0,0.0
39,39,Novoorsk,RU,51.38,58.98,75.2,47,0,11.18,clear sky,0.0,0.0
40,40,Kihei,US,20.79,-156.47,80.6,57,20,14.99,few clouds,0.0,0.0
41,41,Qiyang,CN,26.59,111.85,73.83,71,90,1.57,overcast clouds,0.0,0.0
42,42,La Ronge,CA,55.1,-105.28,44.6,75,90,12.75,light rain,0.0,0.0
43,43,Kungurtug,RU,50.6,97.52,31.19,94,94,1.92,overcast clouds,0.0,0.0
44,44,Comarapa,BO,-17.9,-64.48,69.49,49,10,6.31,clear sky,0.0,0.0
45,45,Jamestown,US,42.1,-79.24,71.01,94,90,5.82,light rain,0.0,0.0
46,46,Klaksvik,FO,62.23,-6.59,48.2,100,100,9.17,mist,0.0,0.0
47,47,Severo-Kurilsk,RU,50.68,156.12,37.98,91,100,19.15,light rain,0.0,0.0
48,48,Cidreira,BR,-30.18,-50.21,64.38,64,0,6.67,clear sky,0.0,0.0
49,49,Tasiilaq,GL,65.61,-37.64,35.6,93,90,27.51,light intensity shower rain,0.0,0.0
50,50,Ardakan,IR,32.31,54.02,84.2,13,0,2.24,clear sky,0.0,0.0
51,51,Ryde,GB,50.73,-1.16,66.0,71,0,14.16,clear sky,0.0,0.0
52,52,Hermanus,ZA,-34.42,19.23,55.99,95,100,10.0,overcast clouds,0.0,0.0
53,53,Itarema,BR,-2.92,-39.92,82.49,81,48,11.5,light rain,0.0,0.0
54,54,Puerto Ayora,EC,-0.74,-90.35,80.6,69,75,10.29,broken clouds,0.0,0.0
55,55,Luderitz,,-26.65,15.16,57.2,67,0,8.05,clear sky,0.0,0.0
56,56,Ulu-Telyak,RU,54.91,56.97,50.9,94,0,4.09,clear sky,0.0,0.0
57,57,Entebbe,UG,0.06,32.45,75.2,78,20,3.36,few clouds,0.0,0.0
58,58,Matadi,CD,-5.82,13.45,77.9,81,88,6.53,light rain,0.0,0.0
59,59,Ornskoldsvik,SE,63.29,18.72,51.8,50,3,19.46,clear sky,0.0,0.0
60,60,Long Beach,US,33.77,-118.19,72.0,82,20,12.75,mist,0.0,0.0
61,61,Bethel,US,41.37,-73.41,73.99,78,90,10.29,overcast clouds,0.0,0.0
62,62,Aquiraz,BR,-3.9,-38.39,86.0,70,20,13.87,few clouds,0.0,0.0
63,63,Jackson,US,42.42,-122.83,84.0,44,1,2.93,clear sky,0.0,0.0
64,64,Pacific Grove,US,36.62,-121.92,79.0,82,22,7.85,few clouds,0.0,0.0
65,65,Nikolayevsk-Na-Amure,RU,53.14,140.73,37.9,84,22,3.65,few clouds,0.0,0.0
66,66,Srednekolymsk,RU,67.45,153.68,48.74,47,0,20.13,clear sky,0.0,0.0
67,67,Trofors,NO,65.53,13.41,44.6,87,75,6.93,light rain,0.0,0.0
68,68,Hamilton,US,39.18,-84.53,82.99,61,40,12.75,scattered clouds,0.0,0.0
69,69,Tenenkou,ML,14.46,-4.92,90.41,28,50,5.03,scattered clouds,0.0,0.0
70,70,Mezen,RU,65.85,44.24,51.87,89,100,6.8,light rain,0.0,0.0
71,71,Vaini,TO,-21.2,-175.2,71.6,94,75,4.7,broken clouds,0.0,0.0
72,72,Alekseyevka,RU,50.63,38.69,62.87,86,9,10.92,clear sky,0.0,0.0
73,73,Nikolskoye,RU,59.7,30.79,54.0,71,92,6.71,overcast clouds,0.0,0.0
74,74,Kaitangata,NZ,-46.28,169.85,45.0,85,84,4.07,broken clouds,0.0,0.0
75,75,Souillac,MU,-20.52,57.52,75.2,83,40,12.75,scattered clouds,0.0,0.0
76,76,Acapulco,MX,16.86,-99.89,82.4,69,5,11.41,clear sky,0.0,0.0
77,77,Chapais,CA,49.78,-74.85,84.2,39,75,13.87,broken clouds,0.0,0.0
78,78,Stettler,CA,52.32,-112.72,62.01,38,0,5.99,clear sky,0.0,0.0
79,79,Cherskiy,RU,68.75,161.3,45.48,56,7,17.94,clear sky,0.0,0.0
80,80,East London,ZA,-33.02,27.91,68.0,56,99,12.39,overcast clouds,0.0,0.0
81,81,Umba,RU,66.69,34.34,45.3,73,2,7.74,clear sky,0.0,0.0
82,82,Kokopo,PG,-4.35,152.26,76.44,86,0,4.56,clear sky,0.0,0.0
83,83,Harare,ZW,-17.83,31.05,58.44,73,0,6.46,clear sky,0.0,0.0
84,84,Surt,LY,31.21,16.59,66.54,68,0,12.39,clear sky,0.0,0.0
85,85,Ngozi,BI,-2.91,29.83,58.51,97,91,2.06,overcast clouds,0.0,0.0
86,86,Lagoa,PT,39.05,-27.98,59.61,61,0,8.5,clear sky,0.0,0.0
87,87,Karratha,AU,-20.74,116.85,67.19,52,6,9.01,clear sky,0.0,0.0
88,88,Namatanai,PG,-3.67,152.43,78.87,82,1,3.65,light rain,0.0,0.0
89,89,Saint-Francois,FR,46.42,3.91,73.4,40,3,6.93,clear sky,0.0,0.0
90,90,Mitu,CO,1.2,-70.17,87.42,60,15,2.28,light rain,0.0,0.0
91,91,Praia Da Vitoria,PT,38.73,-27.07,64.4,59,40,8.23,scattered clouds,0.0,0.0
92,92,Nanortalik,GL,60.14,-45.24,37.04,83,100,14.92,overcast clouds,0.0,0.0
93,93,Inhambane,MZ,-23.86,35.38,62.6,77,0,4.7,clear sky,0.0,0.0
94,94,Puteyets,RU,65.17,57.09,46.74,80,0,6.6,clear sky,0.0,0.0
95,95,Ankang,CN,32.68,109.02,64.72,69,100,1.5,overcast clouds,0.0,0.0
96,96,La Rioja,ES,42.25,-2.5,82.4,20,0,4.7,clear sky,0.0,0.0
97,97,Castro,BR,-24.79,-50.01,65.82,52,0,2.59,clear sky,0.0,0.0
98,98,Yanam,IN,16.73,82.22,83.32,91,51,3.44,broken clouds,0.0,0.0
99,99,Mount Isa,AU,-20.73,139.5,57.2,41,16,6.93,few clouds,0.0,0.0
100,100,Mar Del Plata,AR,-38.0,-57.56,59.0,71,40,10.29,scattered clouds,0.0,0.0
101,101,Martinsville,US,36.69,-79.87,81.0,69,40,5.82,scattered clouds,0.0,0.0
102,102,Arrecife,ES,28.96,-13.55,73.4,69,20,17.22,few clouds,0.0,0.0
103,103,Tupik,RU,54.43,119.93,38.73,87,100,1.74,overcast clouds,0.0,0.0
104,104,Oktyabrskoye,RU,43.06,44.74,64.4,82,0,6.71,clear sky,0.0,0.0
105,105,Raudeberg,NO,61.99,5.14,52.0,64,0,4.85,clear sky,0.0,0.0
106,106,Aksarka,RU,66.56,67.8,49.03,89,100,19.33,moderate rain,0.0,0.0
107,107,Chuy,UY,-33.7,-53.46,65.88,65,0,3.51,clear sky,0.0,0.0
108,108,Pangnirtung,CA,66.15,-65.71,28.4,74,90,12.75,overcast clouds,0.0,0.0
109,109,Bilma,NE,18.69,12.92,92.57,12,100,6.24,overcast clouds,0.0,0.0
110,110,Keffi,NG,8.85,7.87,83.12,65,19,2.06,light rain,0.0,0.0
111,111,Mao,ES,39.89,4.27,68.0,72,0,5.82,clear sky,0.0,0.0
112,112,Hyeres,FR,43.12,6.12,70.0,68,0,10.29,clear sky,0.0,0.0
113,113,Brae,GB,60.4,-1.35,53.6,87,98,11.41,overcast clouds,0.0,0.0
114,114,Kintampo,GH,8.06,-1.73,82.04,70,100,4.56,overcast clouds,0.0,0.0
115,115,Northam,GB,51.03,-4.22,63.0,54,0,1.01,clear sky,0.0,0.0
116,116,Yulara,AU,-25.24,130.99,51.8,53,0,3.36,clear sky,0.0,0.0
117,117,Avera,US,33.19,-82.53,86.0,66,75,5.82,broken clouds,0.0,0.0
118,118,Kodiak,US,57.79,-152.41,57.2,41,75,13.87,broken clouds,0.0,0.0
119,119,Airai,TL,-8.93,125.41,57.36,100,99,2.13,overcast clouds,0.0,0.0
120,120,Ambulu,ID,-8.35,113.61,74.61,93,100,1.34,moderate rain,0.0,0.0
121,121,Cayenne,GF,4.93,-52.33,77.0,100,100,3.36,mist,0.0,0.0
122,122,Cabo San Lucas,MX,22.89,-109.91,84.0,48,5,11.41,clear sky,0.0,0.0
123,123,Chokurdakh,RU,70.63,147.92,49.64,47,98,14.29,overcast clouds,0.0,0.0
124,124,Bubaque,GW,11.28,-15.83,78.82,81,28,15.43,scattered clouds,0.0,0.0
125,125,Lorengau,PG,-2.02,147.27,80.82,80,97,6.17,overcast clouds,0.0,0.0
126,126,Provideniya,RU,64.38,-173.3,32.88,96,100,7.9,snow,0.0,0.0
127,127,Alexandria,EG,31.22,29.96,69.8,64,40,11.41,scattered clouds,0.0,0.0
128,128,Umm Kaddadah,SD,13.6,26.69,93.58,10,0,6.87,clear sky,0.0,0.0
129,129,Tiznit,MA,29.58,-9.5,75.47,51,0,5.86,clear sky,0.0,0.0
130,130,Ust-Ishim,RU,57.69,71.17,60.08,85,9,6.82,clear sky,0.0,0.0
131,131,Viedma,AR,-40.81,-63.0,58.44,45,100,6.29,overcast clouds,0.0,0.0
132,132,Ambilobe,MG,-13.2,49.05,71.53,88,5,3.02,clear sky,0.0,0.0
133,133,Vao,NC,-22.67,167.48,73.45,81,20,10.31,few clouds,0.0,0.0
134,134,Crib Point,AU,-38.35,145.2,48.0,94,0,5.01,clear sky,0.0,0.0
135,135,Port Blair,IN,11.67,92.75,84.2,80,100,8.75,light rain,0.0,0.0
136,136,Kapaa,US,22.08,-159.32,78.8,74,20,10.29,few clouds,0.0,0.0
137,137,Ushtobe,KZ,45.25,77.98,59.81,35,0,13.85,clear sky,0.0,0.0
138,138,Korla,CN,41.76,86.15,68.0,94,9,3.87,clear sky,0.0,0.0
139,139,Fortuna,US,40.6,-124.16,61.0,93,90,5.82,overcast clouds,0.0,0.0
140,140,Thompson,CA,55.74,-97.86,37.4,86,90,11.41,light intensity shower rain,0.0,0.0
141,141,Nouakchott,MR,18.09,-15.98,78.8,61,0,16.11,dust,0.0,0.0
142,142,Broome,US,42.25,-75.83,75.0,78,90,12.75,overcast clouds,0.0,0.0
143,143,Kurilsk,RU,45.23,147.88,37.96,90,68,8.1,broken clouds,0.0,0.0
144,144,Kwidzyn,PL,53.72,18.93,51.01,76,0,7.0,clear sky,0.0,0.0
145,145,Bagdarin,RU,54.43,113.6,37.94,73,89,4.07,overcast clouds,0.0,0.0
146,146,Narsaq,GL,60.92,-46.05,46.4,52,75,9.17,broken clouds,0.0,0.0
147,147,Noumea,NC,-22.28,166.46,72.0,93,0,3.36,clear sky,0.0,0.0
148,148,Zhanaozen,KZ,43.3,52.8,79.66,33,96,6.62,overcast clouds,0.0,0.0
149,149,Ixtapa,MX,20.7,-105.2,82.99,58,5,9.17,clear sky,0.0,0.0
150,150,Yarada,IN,17.65,83.27,87.8,84,40,9.17,mist,0.0,0.0
151,151,Upernavik,GL,72.79,-56.15,29.59,96,66,4.29,broken clouds,0.0,0.0
152,152,Porto Novo,BJ,6.5,2.6,79.23,87,100,8.03,heavy intensity rain,0.0,0.0
153,153,Sibolga,ID,1.74,98.78,79.45,76,100,1.68,overcast clouds,0.0,0.0
154,154,Nemuro,JP,43.32,145.57,46.98,88,100,3.27,overcast clouds,0.0,0.0
155,155,Leshukonskoye,RU,64.9,45.76,53.78,73,84,6.73,broken clouds,0.0,0.0
156,156,Mineros,BO,-17.12,-63.23,80.6,54,20,14.99,few clouds,0.0,0.0
157,157,Talalayivka,UA,50.96,31.92,57.42,96,98,13.53,light rain,0.0,0.0
158,158,Awbari,LY,26.59,12.78,83.25,22,100,12.1,overcast clouds,0.0,0.0
159,159,Pevek,RU,69.7,170.31,34.74,86,2,21.41,clear sky,0.0,0.0
160,160,Yellowknife,CA,62.46,-114.35,44.6,42,20,4.7,few clouds,0.0,0.0
161,161,Makakilo City,US,21.35,-158.09,80.6,65,1,6.93,clear sky,0.0,0.0
162,162,Talnakh,RU,69.49,88.4,37.4,86,75,6.71,broken clouds,0.0,0.0
163,163,Hami,CN,42.8,93.45,61.9,26,0,25.72,clear sky,0.0,0.0
164,164,Ponta Do Sol,PT,32.67,-17.1,69.8,73,20,4.7,few clouds,0.0,0.0
165,165,Goure,NE,13.98,10.27,98.01,11,7,1.99,clear sky,0.0,0.0
166,166,Mount Gambier,AU,-37.83,140.77,46.4,100,100,11.41,overcast clouds,0.0,0.0
167,167,Akureyri,IS,65.68,-18.09,60.8,44,20,16.11,few clouds,0.0,0.0
168,168,Pisco,PE,-13.7,-76.22,69.8,73,75,9.17,broken clouds,0.0,0.0
169,169,Kozmodemyansk,RU,56.34,46.57,60.8,48,0,2.24,clear sky,0.0,0.0
170,170,Puerto Gaitan,CO,4.31,-72.08,87.58,58,3,5.23,clear sky,0.0,0.0
171,171,Havoysund,NO,71.0,24.66,41.0,80,75,19.46,broken clouds,0.0,0.0
172,172,Talaya,RU,61.38,152.75,31.62,93,0,6.62,clear sky,0.0,0.0
173,173,Neuquen,AR,-38.95,-68.06,57.2,41,100,6.93,overcast clouds,0.0,0.0
174,174,Sitka,US,57.05,-135.33,60.8,41,75,14.99,broken clouds,0.0,0.0
175,175,Ancud,CL,-41.87,-73.82,48.99,61,40,5.82,scattered clouds,0.0,0.0
176,176,Brekstad,NO,63.69,9.67,48.2,81,75,13.87,broken clouds,0.0,0.0
177,177,Ketchikan,US,55.34,-131.65,51.8,93,90,17.22,overcast clouds,0.0,0.0
178,178,Puerto Carreno,CO,6.19,-67.49,86.0,66,75,6.93,shower rain,0.0,0.0
179,179,Bonfim,BR,3.08,-59.95,87.33,63,62,5.1,moderate rain,0.0,0.0
180,180,Usinsk,RU,65.99,57.53,45.7,80,3,10.71,clear sky,0.0,0.0
181,181,Ahipara,NZ,-35.17,173.17,60.22,92,100,4.23,light rain,0.0,0.0
182,182,Uyuni,BO,-20.46,-66.83,54.3,30,0,10.2,clear sky,0.0,0.0
183,183,Wagar,SD,16.15,36.2,97.65,12,0,4.12,clear sky,0.0,0.0
184,184,Tuktoyaktuk,CA,69.45,-133.04,44.6,67,20,11.41,few clouds,0.0,0.0
185,185,Brora,GB,58.01,-3.85,68.0,64,100,4.7,overcast clouds,0.0,0.0
186,186,Banda Aceh,ID,5.56,95.32,80.8,79,85,4.32,overcast clouds,0.0,0.0
187,187,Carnarvon,AU,-24.87,113.63,64.6,64,0,11.34,clear sky,0.0,0.0
188,188,Vanimo,PG,-2.67,141.3,76.87,85,100,6.49,light rain,0.0,0.0
189,189,Hofn,IS,64.25,-15.21,47.8,94,100,2.68,overcast clouds,0.0,0.0
190,190,Nexo,DK,55.06,15.13,55.4,62,84,5.82,broken clouds,0.0,0.0
191,191,Dumka,IN,24.27,87.25,84.24,76,5,11.7,clear sky,0.0,0.0
192,192,Aitape,PG,-3.14,142.35,76.84,82,100,5.1,overcast clouds,0.0,0.0
193,193,Fukue,JP,32.69,128.84,66.49,71,98,9.78,overcast clouds,0.0,0.0
194,194,Kinel-Cherkassy,RU,53.47,51.47,56.08,87,0,6.31,clear sky,0.0,0.0
195,195,Siauliai,LT,55.93,23.32,55.4,58,0,11.41,clear sky,0.0,0.0
196,196,Kandrian,PG,-6.22,149.55,77.22,88,5,3.98,moderate rain,0.0,0.0
197,197,Ikwiriri,TZ,-7.96,38.97,70.59,95,77,2.55,broken clouds,0.0,0.0
198,198,Guerrero Negro,MX,27.98,-114.06,76.53,47,3,13.78,clear sky,0.0,0.0
199,199,Panzhihua,CN,26.59,101.71,54.36,81,15,0.81,few clouds,0.0,0.0
200,200,Sungairaya,ID,0.7,108.9,78.93,84,99,2.28,overcast clouds,0.0,0.0
201,201,Grindavik,IS,63.84,-22.43,48.2,100,90,20.8,light intensity drizzle,0.0,0.0
202,202,Asmara,ER,15.33,38.93,67.87,31,0,3.85,clear sky,0.0,0.0
203,203,Vestmannaeyjar,IS,63.44,-20.27,48.2,100,90,17.22,drizzle,0.0,0.0
204,204,Husavik,IS,66.04,-17.34,60.8,44,20,16.11,few clouds,0.0,0.0
205,205,Sao Joao Da Barra,BR,-21.64,-41.05,73.4,60,75,9.17,broken clouds,0.0,0.0
206,206,Oroville,US,39.51,-121.56,91.0,40,1,4.7,clear sky,0.0,0.0
207,207,Huarmey,PE,-10.07,-78.15,72.48,68,73,7.2,broken clouds,0.0,0.0
208,208,Vostok,RU,46.49,135.88,47.89,99,22,5.23,few clouds,0.0,0.0
209,209,Byron Bay,AU,-28.65,153.62,62.6,93,75,8.05,broken clouds,0.0,0.0
210,210,Olafsvik,IS,64.89,-23.71,47.12,96,100,13.58,light rain,0.0,0.0
211,211,Zhigansk,RU,66.77,123.37,34.38,81,100,21.34,overcast clouds,0.0,0.0
212,212,Manta,EC,-0.95,-80.73,86.0,62,40,10.29,scattered clouds,0.0,0.0
213,213,Henties Bay,,-22.12,14.28,55.99,91,0,6.33,clear sky,0.0,0.0
214,214,Kafanchan,NG,9.58,8.3,76.41,74,68,2.06,broken clouds,0.0,0.0
215,215,Paratinga,BR,-12.69,-43.18,86.49,47,22,3.2,few clouds,0.0,0.0
216,216,Nantucket,US,41.28,-70.1,64.4,82,20,13.87,few clouds,0.0,0.0
217,217,Lompoc,US,34.64,-120.46,69.8,64,1,6.93,clear sky,0.0,0.0
218,218,Port-Gentil,GA,-0.72,8.78,82.4,83,40,12.75,scattered clouds,0.0,0.0
219,219,Lata,PT,40.16,-8.33,81.0,68,58,8.01,broken clouds,0.0,0.0
220,220,Dubna,RU,56.73,37.17,54.1,85,100,3.29,overcast clouds,0.0,0.0
221,221,Ilulissat,GL,69.22,-51.1,35.6,64,75,8.05,broken clouds,0.0,0.0
222,222,Kifri,IQ,34.7,44.97,95.45,13,18,10.29,few clouds,0.0,0.0
223,223,Norman Wells,CA,65.28,-126.83,53.6,40,5,10.29,clear sky,0.0,0.0
224,224,Lavrentiya,RU,65.58,-171.0,33.17,93,100,5.77,overcast clouds,0.0,0.0
225,225,Berlevag,NO,70.86,29.09,43.75,74,90,22.5,overcast clouds,0.0,0.0
226,226,Cairns,AU,-16.92,145.77,62.6,88,24,6.93,few clouds,0.0,0.0
227,227,Coihaique,CL,-45.58,-72.07,39.2,86,90,3.36,light intensity shower rain,0.0,0.0
228,228,Moengo,SR,5.62,-54.4,81.46,78,100,7.2,light rain,0.0,0.0
229,229,Jingdezhen,CN,29.29,117.21,68.99,81,100,2.33,overcast clouds,0.0,0.0
230,230,Ishigaki,JP,24.34,124.16,79.74,87,53,14.83,broken clouds,0.0,0.0
231,231,Gurgentepe,TR,40.79,37.6,45.39,100,97,2.15,overcast clouds,0.0,0.0
232,232,Marawi,PH,8.0,124.29,75.0,91,49,5.01,scattered clouds,0.0,0.0
233,233,Pacifica,US,37.61,-122.49,75.0,68,20,14.99,few clouds,0.0,0.0
234,234,Aripuana,BR,-9.17,-60.63,86.4,55,36,2.93,scattered clouds,0.0,0.0
235,235,Codrington,AU,-38.27,141.97,46.87,91,100,11.36,overcast clouds,0.0,0.0
236,236,Christchurch,NZ,-43.53,172.63,46.0,87,100,4.7,overcast clouds,0.0,0.0
237,237,Salaga,GH,8.55,-0.52,86.76,57,98,2.91,light rain,0.0,0.0
238,238,Matay,EG,28.42,30.78,77.31,25,0,14.0,clear sky,0.0,0.0
239,239,San Andres,CO,12.58,-81.7,86.0,79,75,9.17,broken clouds,0.0,0.0
240,240,Kushiro,JP,42.98,144.37,50.47,84,90,2.89,overcast clouds,0.0,0.0
241,241,Ostrovnoy,RU,68.05,39.51,42.64,84,100,24.65,overcast clouds,0.0,0.0
242,242,Kismayo,SO,-0.36,42.55,79.43,82,14,14.54,few clouds,0.0,0.0
243,243,Antalaha,MG,-14.9,50.28,73.85,81,82,8.12,broken clouds,0.0,0.0
244,244,Yar-Sale,RU,66.83,70.83,51.53,64,100,17.07,overcast clouds,0.0,0.0
245,245,Ziway,ET,7.93,38.72,66.22,82,41,10.65,light rain,0.0,0.0
246,246,Boralday,KZ,43.36,76.86,55.4,62,0,4.47,clear sky,0.0,0.0
247,247,Le Port,RE,-20.94,55.29,73.4,78,7,10.29,clear sky,0.0,0.0
248,248,Zmeinogorsk,RU,51.16,82.19,46.81,69,0,8.57,clear sky,0.0,0.0
249,249,Chlorakas,CY,34.8,32.41,66.2,68,40,13.87,scattered clouds,0.0,0.0
250,250,Panaba,MX,21.28,-88.27,99.09,37,88,11.25,overcast clouds,0.0,0.0
251,251,Kamenka,RU,51.32,42.77,64.99,75,0,1.01,clear sky,0.0,0.0
252,252,Pokhara,NP,28.23,83.98,66.34,74,100,1.59,overcast clouds,0.0,0.0
253,253,Gilgit,PK,35.92,74.31,73.69,25,6,2.39,clear sky,0.0,0.0
254,254,Bambous Virieux,MU,-20.34,57.76,75.2,83,40,12.75,scattered clouds,0.0,0.0
255,255,Atambua,ID,-9.11,124.89,71.53,88,99,4.59,overcast clouds,0.0,0.0
256,256,Teresopolis,BR,-22.41,-42.97,63.0,79,0,1.61,clear sky,0.0,0.0
257,257,Hirara,JP,24.8,125.28,78.06,88,98,17.94,overcast clouds,0.0,0.0
258,258,Amos,CA,48.57,-78.12,86.0,33,75,17.22,broken clouds,0.0,0.0
259,259,Rock Sound,BS,24.9,-76.2,79.02,81,4,13.65,clear sky,0.0,0.0
260,260,Saint George,US,37.1,-113.58,89.6,14,1,2.91,clear sky,0.0,0.0
261,261,Dunedin,NZ,-45.87,170.5,46.99,85,100,4.43,overcast clouds,0.0,0.0
262,262,Brooks,CA,50.58,-111.89,66.0,36,0,4.0,clear sky,0.0,0.0
263,263,Cabedelo,BR,-6.98,-34.83,86.0,70,40,11.41,scattered clouds,0.0,0.0
264,264,Radhanpur,IN,23.83,71.6,85.05,69,0,18.43,clear sky,0.0,0.0
265,265,Palembang,ID,-2.92,104.75,76.01,94,50,3.0,scattered clouds,0.0,0.0
266,266,Hede,CN,33.77,120.25,67.86,54,100,10.45,overcast clouds,0.0,0.0
267,267,Atagay,RU,55.1,99.39,36.37,85,8,3.36,clear sky,0.0,0.0
268,268,Komsomolskiy,UZ,40.43,71.72,77.0,38,90,6.93,thunderstorm with light rain,0.0,0.0
269,269,Nyurba,RU,63.28,118.33,30.51,91,72,5.84,broken clouds,0.0,0.0
270,270,Carahue,CL,-38.7,-73.17,53.6,71,75,9.17,broken clouds,0.0,0.0
271,271,Maningrida,AU,-12.07,134.27,66.47,92,100,8.41,overcast clouds,0.0,0.0
272,272,Korem,ET,12.51,39.52,61.03,50,52,2.46,broken clouds,0.0,0.0
273,273,Anito,PH,12.45,125.29,79.75,84,58,5.55,broken clouds,0.0,0.0
274,274,Fairbanks,US,64.84,-147.72,60.01,62,90,3.76,overcast clouds,0.0,0.0
275,275,Kjollefjord,NO,70.95,27.35,43.3,74,89,21.77,overcast clouds,0.0,0.0
276,276,Saint Stephen,GB,50.33,-4.9,62.6,55,0,18.34,clear sky,0.0,0.0
277,277,Kendari,ID,-3.94,122.5,75.97,93,100,2.46,light rain,0.0,0.0
278,278,Coquimbo,CL,-29.95,-71.34,62.6,67,59,12.75,broken clouds,0.0,0.0
279,279,Porto Seguro,BR,-16.45,-39.06,77.0,57,40,8.05,scattered clouds,0.0,0.0
280,280,Araouane,ML,18.9,-3.53,98.31,17,63,5.99,broken clouds,0.0,0.0
281,281,Herbertpur,IN,30.45,77.73,77.9,44,100,9.6,overcast clouds,0.0,0.0
282,282,Esso,RU,55.93,158.7,30.36,93,3,3.31,clear sky,0.0,0.0
283,283,Abay,KZ,49.63,72.85,44.6,41,0,6.71,clear sky,0.0,0.0
284,284,Kenora,CA,49.82,-94.43,51.8,76,90,13.87,light intensity shower rain,0.0,0.0
285,285,Sabana De Torres,CO,7.39,-73.5,82.4,100,75,8.05,light rain,0.0,0.0
286,286,Wanaka,NZ,-44.7,169.15,37.99,90,99,1.99,overcast clouds,0.0,0.0
287,287,Katobu,ID,-4.94,122.53,75.69,94,72,4.25,broken clouds,0.0,0.0
288,288,Kokhma,RU,56.93,41.09,54.81,77,100,3.56,overcast clouds,0.0,0.0
289,289,Zapolyarnyy,RU,69.42,30.81,46.4,68,85,18.34,overcast clouds,0.0,0.0
290,290,Okawa,JP,33.2,130.35,64.0,67,1,4.7,clear sky,0.0,0.0
291,291,Vila Praia De Ancora,PT,41.81,-8.85,79.0,50,20,10.29,few clouds,0.0,0.0
292,292,Tamandare,BR,-8.76,-35.1,82.36,74,8,7.31,clear sky,0.0,0.0
293,293,Goba,ET,7.02,39.98,51.06,86,45,2.13,scattered clouds,0.0,0.0
294,294,Luwuk,ID,-0.95,122.79,78.51,75,41,4.03,scattered clouds,0.0,0.0
295,295,Asau,RO,46.43,26.4,53.01,81,100,3.58,overcast clouds,0.0,0.0
296,296,Ozernovskiy,RU,51.5,156.52,38.8,87,100,7.87,overcast clouds,0.0,0.0
297,297,Baruun-Urt,MN,46.68,113.28,54.27,79,100,15.79,overcast clouds,0.0,0.0
298,298,Wajima,JP,37.4,136.9,59.77,80,0,5.88,clear sky,0.0,0.0
299,299,Aykhal,RU,66.0,111.5,28.4,74,90,4.47,overcast clouds,0.0,0.0
300,300,Vanavara,RU,60.34,102.28,34.18,84,51,0.98,broken clouds,0.0,0.0
301,301,Juneau,US,58.3,-134.42,55.0,62,90,5.82,overcast clouds,0.0,0.0
302,302,Traverse City,US,44.76,-85.62,71.6,88,90,3.36,heavy intensity rain,0.0,0.0
303,303,Acarau,BR,-2.89,-40.12,82.72,80,50,12.21,light rain,0.0,0.0
304,304,Evensk,RU,61.95,159.23,39.07,73,0,9.69,clear sky,0.0,0.0
305,305,La Asuncion,VE,11.03,-63.86,75.2,94,100,18.34,overcast clouds,0.0,0.0
306,306,Saint Anthony,US,45.02,-93.22,78.01,25,1,12.75,clear sky,0.0,0.0
307,307,Saldanha,ZA,-33.01,17.94,57.2,82,99,8.05,overcast clouds,0.0,0.0
308,308,Jiaonan,CN,35.88,119.98,66.2,68,56,13.42,broken clouds,0.0,0.0
309,309,Maniitsoq,GL,65.42,-52.9,34.3,88,66,7.49,broken clouds,0.0,0.0
310,310,Islamkot,PK,24.7,70.18,83.3,78,1,23.0,clear sky,0.0,0.0
311,311,Kenai,US,60.55,-151.26,60.8,31,1,16.11,clear sky,0.0,0.0
312,312,Sistranda,NO,63.73,8.83,48.2,81,75,13.87,broken clouds,0.0,0.0
313,313,Zhengjiatun,CN,43.51,123.51,59.38,65,0,10.31,clear sky,0.0,0.0
314,314,Paamiut,GL,61.99,-49.67,34.54,87,93,19.6,overcast clouds,0.0,0.0
315,315,Bull Savanna,JM,17.89,-77.59,82.35,77,100,7.54,light rain,0.0,0.0
316,316,Geraldton,AU,-28.77,114.6,60.8,72,90,8.05,overcast clouds,0.0,0.0
317,317,Kemijarvi,FI,66.71,27.43,50.32,51,95,1.81,overcast clouds,0.0,0.0
318,318,Laguna,US,38.42,-121.42,91.99,35,1,6.93,clear sky,0.0,0.0
319,319,Bucine,IT,43.48,11.61,64.99,48,0,5.99,clear sky,0.0,0.0
320,320,Punta Alta,AR,-38.88,-62.07,57.56,67,100,11.36,overcast clouds,0.0,0.0
321,321,Constitucion,CL,-35.33,-72.42,57.7,75,100,2.75,overcast clouds,0.0,0.0
322,322,Tieli,CN,46.95,128.05,52.32,64,0,4.9,clear sky,0.0,0.0
323,323,Axim,GH,4.87,-2.24,80.87,83,100,9.15,overcast clouds,0.0,0.0
324,324,Artigas,UY,-30.4,-56.47,69.89,71,0,7.87,clear sky,0.0,0.0
325,325,Soller,ES,39.77,2.72,71.6,60,0,10.29,clear sky,0.0,0.0
326,326,Faanui,PF,-16.48,-151.75,81.68,78,7,15.43,clear sky,0.0,0.0
327,327,Teltow,DE,52.4,13.27,63.0,51,0,14.99,clear sky,0.0,0.0
328,328,Nelson Bay,AU,-32.72,152.15,54.0,100,40,8.05,scattered clouds,0.0,0.0
329,329,Aswan,EG,24.09,32.91,86.41,13,0,20.45,clear sky,0.0,0.0
330,330,Alice Springs,AU,-23.7,133.88,44.6,56,0,3.36,clear sky,0.0,0.0
331,331,Malpe,IN,13.35,74.72,84.2,79,20,3.36,few clouds,0.0,0.0
332,332,Camacha,PT,33.08,-16.33,69.8,73,20,16.11,few clouds,0.0,0.0
333,333,Roma,US,43.21,-75.46,80.6,57,90,9.17,overcast clouds,0.0,0.0
334,334,Jumla,NP,29.27,82.18,52.54,66,100,2.08,overcast clouds,0.0,0.0
335,335,Iquique,CL,-20.22,-70.14,71.6,60,40,8.05,scattered clouds,0.0,0.0
336,336,Aden,YE,12.78,45.04,92.23,60,100,2.19,overcast clouds,0.0,0.0
337,337,Baturaja,ID,-4.13,104.17,74.75,96,42,2.62,scattered clouds,0.0,0.0
338,338,Salalah,OM,17.02,54.09,78.8,94,90,5.82,light rain,0.0,0.0
339,339,Sorland,NO,67.67,12.69,44.6,100,75,14.99,shower rain,0.0,0.0
340,340,Mersing,MY,2.43,103.84,78.8,94,47,5.82,scattered clouds,0.0,0.0
341,341,Impfondo,CG,1.64,18.07,79.3,71,89,0.56,overcast clouds,0.0,0.0
342,342,Benghazi,LY,32.12,20.07,66.88,68,0,14.34,clear sky,0.0,0.0
343,343,Raga,SS,8.46,25.68,79.65,67,100,2.98,overcast clouds,0.0,0.0
344,344,Pochutla,MX,15.74,-96.47,93.0,62,20,13.87,few clouds,0.0,0.0
345,345,Wajid,SO,3.81,43.25,78.82,75,82,12.44,broken clouds,0.0,0.0
346,346,Port Macquarie,AU,-31.43,152.92,52.0,100,3,2.24,clear sky,0.0,0.0
347,347,Redmond,US,47.67,-122.12,75.99,50,100,4.47,overcast clouds,0.0,0.0
348,348,Bambanglipuro,ID,-7.95,110.28,76.46,88,100,4.14,overcast clouds,0.0,0.0
349,349,Port Hawkesbury,CA,45.62,-61.35,86.0,40,1,11.41,clear sky,0.0,0.0
350,350,Ahuimanu,US,21.44,-157.84,84.2,51,75,14.99,broken clouds,0.0,0.0
351,351,Nishihara,JP,26.18,127.76,75.2,69,75,5.82,broken clouds,0.0,0.0
352,352,General Pico,AR,-35.66,-63.76,66.54,44,0,5.53,clear sky,0.0,0.0
353,353,Atar,MR,20.52,-13.05,103.35,8,92,8.61,overcast clouds,0.0,0.0
354,354,Haines Junction,CA,60.75,-137.51,63.45,29,93,7.54,overcast clouds,0.0,0.0
355,355,Port Keats,AU,-14.25,129.55,71.17,40,100,8.14,overcast clouds,0.0,0.0
356,356,Sale,MA,34.04,-6.82,69.8,77,40,8.05,scattered clouds,0.0,0.0
357,357,Perevolotskiy,RU,51.88,54.19,58.44,82,0,12.75,clear sky,0.0,0.0
358,358,Fallon,US,39.47,-118.78,90.0,8,1,3.36,clear sky,0.0,0.0
359,359,Santa Fe,AR,-31.63,-60.7,75.0,49,0,5.01,clear sky,0.0,0.0
360,360,Shenkursk,RU,62.11,42.9,53.4,70,10,5.37,clear sky,0.0,0.0
361,361,Bereda,ES,43.27,-7.54,81.0,47,1,5.99,clear sky,0.0,0.0
362,362,Verkhnevilyuysk,RU,63.45,120.32,29.79,96,91,7.16,overcast clouds,0.0,0.0
363,363,Charters Towers,AU,-20.1,146.27,55.85,83,0,2.84,clear sky,0.0,0.0
364,364,Skibbereen,IE,51.55,-9.27,62.6,72,96,16.11,overcast clouds,0.0,0.0
365,365,Dibulla,CO,11.27,-73.31,83.97,78,99,5.99,moderate rain,0.0,0.0
366,366,Chara,RU,56.91,118.26,37.15,77,2,2.59,clear sky,0.0,0.0
367,367,Iqaluit,CA,63.75,-68.51,26.6,68,75,9.17,broken clouds,0.0,0.0
368,368,Kuytun,RU,54.34,101.5,36.88,85,43,6.67,scattered clouds,0.0,0.0
369,369,Yuci,CN,37.68,112.73,64.4,34,0,2.24,clear sky,0.0,0.0
370,370,San Matias,BO,-16.37,-58.4,84.78,33,0,3.04,clear sky,0.0,0.0
371,371,Doha,QA,25.29,51.53,91.99,75,0,3.36,clear sky,0.0,0.0
372,372,Filadelfia,US,39.95,-75.16,80.01,74,90,11.41,overcast clouds,0.0,0.0
373,373,Richards Bay,ZA,-28.78,32.04,61.34,49,0,7.25,clear sky,0.0,0.0
374,374,Salinopolis,BR,-0.61,-47.36,84.7,70,0,12.35,clear sky,0.0,0.0
375,375,Liverpool,GB,53.41,-2.98,75.2,38,72,6.93,broken clouds,0.0,0.0
376,376,Lasa,IT,46.62,10.7,48.2,87,40,4.7,scattered clouds,0.0,0.0
377,377,Padang,ID,-0.95,100.35,79.75,82,100,2.57,overcast clouds,0.0,0.0
378,378,Chilca,PE,-12.52,-76.74,71.6,73,90,6.93,overcast clouds,0.0,0.0
379,379,Deputatskiy,RU,69.3,139.9,30.78,98,100,5.39,overcast clouds,0.0,0.0
380,380,Gresham,US,45.5,-122.43,81.0,34,1,5.82,clear sky,0.0,0.0
381,381,Marsa Matruh,EG,31.35,27.25,66.76,66,0,13.96,clear sky,0.0,0.0
382,382,Calabozo,VE,8.92,-67.43,80.69,80,100,3.53,overcast clouds,0.0,0.0
383,383,Phuket,TH,8.0,98.25,82.4,88,20,2.24,few clouds,0.0,0.0
384,384,Gillette,US,44.29,-105.5,59.0,50,90,11.41,overcast clouds,0.0,0.0
385,385,Balabac,PH,7.99,117.06,84.2,72,100,6.33,overcast clouds,0.0,0.0
386,386,Bundaberg,AU,-24.85,152.35,60.8,77,0,5.82,clear sky,0.0,0.0
387,387,Touros,BR,-5.2,-35.46,86.0,70,40,13.87,scattered clouds,0.0,0.0
388,388,Bojnurd,IR,37.47,57.33,69.8,37,0,1.7,clear sky,0.0,0.0
389,389,Ostra,IT,43.61,13.16,69.8,30,0,2.24,clear sky,0.0,0.0
390,390,Anloga,GH,5.79,0.9,75.2,94,40,5.82,thunderstorm,0.0,0.0
391,391,Tiksi,RU,71.69,128.87,27.09,97,100,5.97,overcast clouds,0.0,0.0
392,392,Dolores,AR,-36.31,-57.68,64.56,59,99,5.66,overcast clouds,0.0,0.0
393,393,Moa,CU,20.66,-74.94,85.15,67,100,10.2,overcast clouds,0.0,0.0
394,394,Kabo,CF,7.7,18.63,81.9,62,78,1.95,broken clouds,0.0,0.0
395,395,Kaoma,ZM,-14.78,24.8,61.32,37,0,3.58,clear sky,0.0,0.0
396,396,Divnogorsk,RU,55.96,92.36,46.4,70,0,3.31,clear sky,0.0,0.0
397,397,Warrensburg,US,38.76,-93.74,66.0,100,100,4.7,moderate rain,0.0,0.0
398,398,San Patricio,MX,19.22,-104.7,80.6,69,5,11.41,clear sky,0.0,0.0
399,399,Ruiru,KE,-1.16,36.96,69.8,72,75,8.05,broken clouds,0.0,0.0
400,400,Sorong,ID,-0.88,131.25,81.23,83,100,7.67,light rain,0.0,0.0
401,401,Keta,GH,5.92,0.99,75.2,94,40,5.82,thunderstorm,0.0,0.0
402,402,Waingapu,ID,-9.66,120.26,77.85,83,100,3.6,overcast clouds,0.0,0.0
403,403,Daru,PG,-9.08,143.21,78.26,88,100,13.58,light rain,0.0,0.0
404,404,Murgab,TM,37.5,61.97,86.0,28,0,4.7,clear sky,0.0,0.0
405,405,Seoul,KR,37.57,126.98,57.2,100,0,1.12,clear sky,0.0,0.0
406,406,Kroya,ID,-7.63,109.25,77.16,88,100,4.18,overcast clouds,0.0,0.0
407,407,Verkhoyansk,RU,67.54,133.38,29.25,97,100,8.37,snow,0.0,0.0
408,408,Elko,US,41.0,-115.5,82.4,28,1,3.53,clear sky,0.0,0.0
409,409,Oussouye,SN,12.48,-16.55,89.6,78,1,4.7,clear sky,0.0,0.0
410,410,Bonthe,SL,7.53,-12.51,80.89,86,100,7.87,light rain,0.0,0.0
411,411,Jalingo,NG,8.88,11.37,83.77,69,78,5.64,light rain,0.0,0.0
412,412,Rudnichnyy,RU,59.62,52.47,48.97,85,0,4.76,clear sky,0.0,0.0
413,413,Sawakin,SD,19.11,37.33,87.24,44,0,7.07,clear sky,0.0,0.0
414,414,Esperance,AU,-33.87,121.9,55.4,66,0,13.87,clear sky,0.0,0.0
415,415,Visby,SE,57.64,18.3,57.0,71,58,6.93,broken clouds,0.0,0.0
416,416,Mangrol,IN,21.12,70.12,84.15,84,40,15.82,scattered clouds,0.0,0.0
417,417,Port Moresby,PG,-9.44,147.18,75.87,92,100,6.42,overcast clouds,0.0,0.0
418,418,Dingle,PH,11.0,122.67,79.38,82,94,2.44,overcast clouds,0.0,0.0
419,419,Palmerston,AU,-12.49,130.98,70.0,82,78,3.36,broken clouds,0.0,0.0
420,420,Abu Dhabi,AE,24.47,54.37,91.4,70,0,4.7,clear sky,0.0,0.0
421,421,Jalu,LY,29.03,21.55,70.02,30,0,3.27,clear sky,0.0,0.0
422,422,Le Vauclin,MQ,14.55,-60.84,89.6,55,75,13.87,broken clouds,0.0,0.0
423,423,Moree,AU,-29.47,149.85,44.6,87,0,4.12,clear sky,0.0,0.0
424,424,Gorontalo,ID,0.54,123.06,76.05,86,81,2.33,broken clouds,0.0,0.0
425,425,Zaraza,VE,9.35,-65.32,95.58,39,100,6.22,overcast clouds,0.0,0.0
426,426,Meiganga,CM,6.52,14.3,69.26,91,100,2.06,light rain,0.0,0.0
427,427,Dodola,ET,6.98,39.18,57.54,83,100,3.76,light rain,0.0,0.0
428,428,Torbay,CA,47.67,-52.73,57.99,93,90,12.75,overcast clouds,0.0,0.0
429,429,Sena Madureira,BR,-9.07,-68.66,90.91,34,22,0.56,few clouds,0.0,0.0
430,430,Azul,AR,-36.78,-59.86,61.3,66,44,9.6,scattered clouds,0.0,0.0
431,431,Eeklo,BE,51.19,3.56,66.0,58,0,1.99,clear sky,0.0,0.0
432,432,Todos Santos,MX,23.45,-110.22,66.0,81,1,8.99,clear sky,0.0,0.0
433,433,Bahia Honda,CU,22.9,-83.16,87.31,63,27,11.36,scattered clouds,0.0,0.0
434,434,Prieska,ZA,-29.66,22.75,51.64,41,0,5.48,clear sky,0.0,0.0
435,435,Vertientes,CU,21.26,-78.15,87.8,62,100,13.87,overcast clouds,0.0,0.0
436,436,Prince Albert,CA,53.2,-105.77,48.2,66,90,11.41,overcast clouds,0.0,0.0
437,437,Neiafu,TO,-18.65,-173.98,73.4,94,75,8.37,broken clouds,0.0,0.0
438,438,Barranca,PE,-10.75,-77.77,71.71,67,55,7.54,broken clouds,0.0,0.0
439,439,Nyuksenitsa,RU,60.41,44.24,52.72,72,66,4.18,broken clouds,0.0,0.0
440,440,Barcelos,PT,41.54,-8.62,87.01,69,15,9.17,few clouds,0.0,0.0
441,441,Orlik,RU,52.52,99.83,33.71,90,100,7.56,snow,0.0,0.0
442,442,Bowen,AU,-20.02,148.23,61.0,93,0,7.83,clear sky,0.0,0.0
443,443,Havre-Saint-Pierre,CA,50.23,-63.6,64.4,68,1,21.92,clear sky,0.0,0.0
444,444,Nynashamn,SE,58.9,17.95,59.0,38,44,6.93,scattered clouds,0.0,0.0
445,445,Muroto,JP,33.28,134.15,68.49,61,0,6.11,clear sky,0.0,0.0
446,446,Vyshkov,RU,52.48,31.69,59.0,62,90,11.18,overcast clouds,0.0,0.0
447,447,Kentau,KZ,43.52,68.51,70.79,22,0,12.95,clear sky,0.0,0.0
448,448,Yeppoon,AU,-23.13,150.73,55.4,87,96,6.24,overcast clouds,0.0,0.0
449,449,Hukuntsi,BW,-24.0,21.75,55.38,31,0,6.96,clear sky,0.0,0.0
450,450,Flinders,AU,-34.58,150.86,55.0,91,29,1.01,scattered clouds,0.0,0.0
451,451,Okhotsk,RU,59.38,143.3,37.63,88,98,6.24,overcast clouds,0.0,0.0
452,452,Nouadhibou,MR,20.93,-17.03,75.2,60,0,24.16,sand,0.0,0.0
453,453,Kirkuk,IQ,35.47,44.39,92.68,14,0,11.74,clear sky,0.0,0.0
454,454,Eureka,US,40.8,-124.16,64.99,61,2,3.0,clear sky,0.0,0.0
455,455,Buala,SB,-8.14,159.59,80.69,79,77,5.39,broken clouds,0.0,0.0
456,456,Winneba,GH,5.35,-0.62,75.2,100,90,11.41,thunderstorm with light rain,0.0,0.0
457,457,Natal,BR,-5.79,-35.21,86.0,70,40,13.87,scattered clouds,0.0,0.0
458,458,Bondo,CD,3.81,23.69,70.93,98,100,1.81,moderate rain,0.0,0.0
459,459,Puerto Quijarro,BO,-17.78,-57.77,84.61,32,0,4.05,clear sky,0.0,0.0
460,460,Vavoua,CI,7.38,-6.48,80.73,74,100,1.63,overcast clouds,0.0,0.0
461,461,Kaeo,NZ,-35.1,173.78,57.99,3,100,5.01,moderate rain,0.0,0.0
462,462,Ariquemes,BR,-9.91,-63.04,83.91,62,94,3.76,overcast clouds,0.0,0.0
463,463,Senanga,ZM,-16.12,23.27,63.27,32,0,4.7,clear sky,0.0,0.0
464,464,Tezu,IN,27.92,96.17,71.1,68,89,3.24,overcast clouds,0.0,0.0
465,465,Kidal,ML,18.44,1.41,86.77,34,54,8.61,broken clouds,0.0,0.0
466,466,Sungaipenuh,ID,-2.08,101.38,65.91,95,78,2.44,broken clouds,0.0,0.0
467,467,Big Spring,US,32.25,-101.48,84.2,25,1,18.34,clear sky,0.0,0.0
468,468,Bathsheba,BB,13.22,-59.52,84.2,70,40,17.22,scattered clouds,0.0,0.0
469,469,Luau,AO,-10.71,22.22,68.72,41,5,3.83,clear sky,0.0,0.0
470,470,Tazovskiy,RU,67.47,78.7,45.39,69,98,11.5,overcast clouds,0.0,0.0
471,471,Tyup,KG,42.73,78.36,56.35,38,0,4.18,clear sky,0.0,0.0
472,472,San Luis Rio Colorado,MX,32.46,-114.78,102.99,14,1,17.22,clear sky,0.0,0.0
473,473,Roald,NO,62.58,6.13,52.0,76,100,8.05,overcast clouds,0.0,0.0
474,474,Porto Walter,BR,-8.27,-72.74,91.69,35,23,2.15,few clouds,0.0,0.0
475,475,Varkaus,FI,62.32,27.87,57.2,51,9,8.05,clear sky,0.0,0.0
476,476,Bezhetsk,RU,57.79,36.7,54.0,82,64,6.24,broken clouds,0.0,0.0
477,477,Takaka,NZ,-40.85,172.8,51.01,84,89,5.01,light rain,0.0,0.0
478,478,Bayir,TR,37.27,28.22,64.4,59,40,10.29,scattered clouds,0.0,0.0
479,479,Maumere,ID,-8.62,122.21,78.87,81,84,1.61,broken clouds,0.0,0.0
480,480,Ulety,RU,51.36,112.48,45.18,61,81,5.64,broken clouds,0.0,0.0
481,481,Leningradskiy,RU,69.38,178.42,35.33,85,0,4.97,clear sky,0.0,0.0
482,482,Pasni,PK,25.26,63.47,85.01,79,0,15.88,clear sky,0.0,0.0
483,483,Bilibino,RU,68.05,166.44,36.43,78,0,3.6,clear sky,0.0,0.0
484,484,Mehamn,NO,71.04,27.85,43.34,74,79,22.73,broken clouds,0.0,0.0
485,485,Mvangue,CM,2.97,11.52,70.77,97,100,2.19,light rain,0.0,0.0
486,486,Florianopolis,BR,-27.61,-48.5,73.4,46,0,9.17,clear sky,0.0,0.0
487,487,Spencer,US,43.14,-95.14,78.8,34,1,21.92,clear sky,0.0,0.0
488,488,Barra Do Garcas,BR,-15.89,-52.26,79.12,43,0,2.77,clear sky,0.0,0.0
489,489,Hualmay,PE,-11.1,-77.61,71.46,68,60,7.34,broken clouds,0.0,0.0
490,490,Surgut,RU,61.25,73.42,59.0,82,40,11.18,thunderstorm,0.0,0.0
491,491,Kavaratti,IN,10.57,72.64,85.86,76,100,8.81,light rain,0.0,0.0
492,492,Bracebridge,CA,45.03,-79.32,75.2,69,90,9.17,light rain,0.0,0.0
493,493,Gamba,GA,-2.65,10.0,76.33,89,75,6.96,broken clouds,0.0,0.0
494,494,Taragual,HN,14.75,-88.48,82.06,59,97,2.44,light rain,0.0,0.0
495,495,Baberu,IN,25.55,80.72,94.75,26,16,14.09,few clouds,0.0,0.0
496,496,Sakete,BJ,6.74,2.66,76.39,94,100,9.82,heavy intensity rain,0.0,0.0
497,497,Turukhansk,RU,65.82,87.98,39.24,74,0,0.09,clear sky,0.0,0.0
498,498,Kwinana,AU,-32.25,115.77,62.01,100,40,12.75,moderate rain,0.0,0.0
499,499,Kavieng,PG,-2.57,150.8,81.84,76,12,4.21,light rain,0.0,0.0
500,500,Jesus Carranza,MX,17.43,-95.03,103.41,30,81,5.19,broken clouds,0.0,0.0
501,501,Cam Ranh,VN,11.92,109.16,84.2,83,20,1.12,few clouds,0.0,0.0
502,502,Teya,RU,60.38,92.63,38.89,70,0,2.21,clear sky,0.0,0.0
503,503,Saint-Georges,GD,12.06,-61.75,87.8,66,20,18.34,few clouds,0.0,0.0
504,504,Palmas,BR,-10.21,-48.36,89.6,59,40,8.05,shower rain,0.0,0.0
505,505,Iskateley,RU,67.68,53.15,46.65,67,0,5.26,clear sky,0.0,0.0
506,506,Kilbirnie,GB,55.75,-4.69,73.4,49,100,2.24,overcast clouds,0.0,0.0
507,507,Yablonovo,RU,50.85,37.36,62.6,77,100,11.18,overcast clouds,0.0,0.0
